<?xml version="1.0" encoding="UTF-8"?>
<project-private xmlns="http://www.netbeans.org/ns/project-private/1">
    <editor-bookmarks xmlns="http://www.netbeans.org/ns/editor-bookmarks/2" lastBookmarkId="0"/>
    <open-files xmlns="http://www.netbeans.org/ns/projectui-open-files/2">
        <group name="TEMA 6">
            <file>file:/C:/Users/KRene/OneDrive/Documentos/DAM%201/PROGRAMACION/Examen/Buscaminas/src/clases/Tablero.java</file>
            <file>file:/C:/Users/KRene/OneDrive/Documentos/DAM%201/PROGRAMACION/Examen/Buscaminas/src/clases/BuscaminasApp.java</file>
            <file>file:/C:/Users/KRene/OneDrive/Documentos/DAM%201/PROGRAMACION/Examen/Buscaminas/src/clases/Dibujable.java</file>
            <file>file:/C:/Users/KRene/OneDrive/Documentos/DAM%201/PROGRAMACION/Examen/Buscaminas/src/clases/Tipo.java</file>
            <file>file:/C:/Users/KRene/OneDrive/Documentos/DAM%201/PROGRAMACION/Examen/Buscaminas/src/clases/Casillas.java</file>
            <file>file:/C:/Users/KRene/OneDrive/Documentos/DAM%201/PROGRAMACION/Examen/Buscaminas/src/clases/Jugador.java</file>
            <file>file:/C:/Users/KRene/OneDrive/Documentos/DAM%201/PROGRAMACION/Examen/Buscaminas/src/clases/Mina.java</file>
            <file>file:/C:/Users/KRene/OneDrive/Documentos/DAM%201/PROGRAMACION/Examen/Buscaminas/src/clases/Numero.java</file>
        </group>
    </open-files>
</project-private>
