<?xml version="1.0" encoding="UTF-8"?>
<project-private xmlns="http://www.netbeans.org/ns/project-private/1">
    <editor-bookmarks xmlns="http://www.netbeans.org/ns/editor-bookmarks/2" lastBookmarkId="0"/>
    <open-files xmlns="http://www.netbeans.org/ns/projectui-open-files/2">
        <group>
            <file>file:/C:/Users/pc/OneDrive/DAM/Programacion/java/ProyectoJV-JRM-AP/ProyectoJV-JRM-AP/src/proyectojv/jrm/ap/FuncionesGenerales.java</file>
            <file>file:/C:/Users/pc/OneDrive/DAM/Programacion/java/ProyectoJV-JRM-AP/ProyectoJV-JRM-AP/src/proyectojv/jrm/ap/Torre.java</file>
            <file>file:/C:/Users/pc/OneDrive/DAM/Programacion/java/ProyectoJV-JRM-AP/ProyectoJV-JRM-AP/src/proyectojv/jrm/ap/ProyectoJVJRMAP.java</file>
        </group>
    </open-files>
</project-private>
